{"inputUnits":[34],"outputUnits":4,"inputs":{"0":{"dtype":"number","min":246.74514502809757,"max":433.08006182516294},"1":{"dtype":"number","min":51.120667336744646,"max":326.0934549372563},"2":{"dtype":"number","min":242.96015956945584,"max":435.69078501204996},"3":{"dtype":"number","min":44.42965561418737,"max":318.3843218559875},"4":{"dtype":"number","min":242.7043904384442,"max":423.04585507041526},"5":{"dtype":"number","min":45.03093161778142,"max":328.15444321660266},"6":{"dtype":"number","min":239.44853529827867,"max":451.7351170590049},"7":{"dtype":"number","min":56.01256461636132,"max":315.9567171509503},"8":{"dtype":"number","min":236.48959511204768,"max":405.17935650622866},"9":{"dtype":"number","min":53.96414892482943,"max":316.62388970745},"10":{"dtype":"number","min":283.10148659272966,"max":437.58688482392364},"11":{"dtype":"number","min":50.350448281211925,"max":343.52824488113725},"12":{"dtype":"number","min":247.10327564856692,"max":385.22647374322304},"13":{"dtype":"number","min":96.56744616770604,"max":329.4548852634244},"14":{"dtype":"number","min":270.7528264155397,"max":517.3912860357273},"15":{"dtype":"number","min":62.5475529899374,"max":394.24387227257324},"16":{"dtype":"number","min":200.43652510317676,"max":358.5966952734756},"17":{"dtype":"number","min":60.359613667687,"max":380.72604709201386},"18":{"dtype":"number","min":207.83699139749328,"max":572.0563493695175},"19":{"dtype":"number","min":9.111397131609394,"max":454.5306396484375},"20":{"dtype":"number","min":128.33545231214973,"max":400.38736547875357},"21":{"dtype":"number","min":20.47868494401898,"max":449.8287993611416},"22":{"dtype":"number","min":273.17288582785085,"max":467.80163681297967},"23":{"dtype":"number","min":126.8222991764894,"max":470.7291172912478},"24":{"dtype":"number","min":207.69674260249147,"max":389.2912003961455},"25":{"dtype":"number","min":221.86872828076457,"max":402.59319015413695},"26":{"dtype":"number","min":276.80766947785315,"max":454.8186973289207},"27":{"dtype":"number","min":175.3538358513607,"max":502.47291490580835},"28":{"dtype":"number","min":211.61026149697702,"max":402.7520139222024},"29":{"dtype":"number","min":303.11304014328624,"max":452.84168682135567},"30":{"dtype":"number","min":263.6097095630787,"max":465.1865712662189},"31":{"dtype":"number","min":227.67072651586102,"max":555.229366666857},"32":{"dtype":"number","min":207.50979893853557,"max":418.6338129842955},"33":{"dtype":"number","min":397.0023830778185,"max":519.4287915815387}},"outputs":{"0":{"dtype":"string","min":0,"max":1,"uniqueValues":["1","2","3","4"],"legend":{"1":[1,0,0,0],"2":[0,1,0,0],"3":[0,0,1,0],"4":[0,0,0,1]}}},"isNormalized":true}