{"inputUnits":[34],"outputUnits":4,"inputs":{"0":{"dtype":"number","min":293.4664000869959,"max":420.99305180778276},"1":{"dtype":"number","min":77.58967914544118,"max":301.00818894295196},"2":{"dtype":"number","min":295.45961881938734,"max":432.91342097648635},"3":{"dtype":"number","min":68.0133877581323,"max":292.84621984173214},"4":{"dtype":"number","min":280.5508500186556,"max":420.9562062938311},"5":{"dtype":"number","min":70.31051011113394,"max":292.3284680104395},"6":{"dtype":"number","min":307.7597658629538,"max":431.48102104082903},"7":{"dtype":"number","min":69.8479219254462,"max":276.9065302203738},"8":{"dtype":"number","min":269.1856411047149,"max":404.86567863479223},"9":{"dtype":"number","min":75.644922684043,"max":276.65452864202604},"10":{"dtype":"number","min":324.9308773881046,"max":421.7971275284973},"11":{"dtype":"number","min":109.21896296867385,"max":288.9176390649747},"12":{"dtype":"number","min":261.7116548118071,"max":374.5121446873477},"13":{"dtype":"number","min":102.38964266711972,"max":274.6547575536062},"14":{"dtype":"number","min":344.6049442997685,"max":463.0032089858027},"15":{"dtype":"number","min":72.21798902366592,"max":339.0964073047303},"16":{"dtype":"number","min":210.26788365771196,"max":378.0924360189754},"17":{"dtype":"number","min":70.67794710572002,"max":338.9565355921814},"18":{"dtype":"number","min":327.119140625,"max":508.7990167034067},"19":{"dtype":"number","min":24.02142560040508,"max":410.4878493638066},"20":{"dtype":"number","min":238.79918297364233,"max":392.85793609321695},"21":{"dtype":"number","min":39.39496536701046,"max":418.03617280361476},"22":{"dtype":"number","min":309.7779980040433,"max":400.6070408811811},"23":{"dtype":"number","min":227.83199079784964,"max":374.1865093387358},"24":{"dtype":"number","min":260.5697625887092,"max":355.947116903859},"25":{"dtype":"number","min":226.07219376294466,"max":337.3062408923173},"26":{"dtype":"number","min":320.1884534809789,"max":412.6038037870827},"27":{"dtype":"number","min":296.9833607515629,"max":442.43333604600696},"28":{"dtype":"number","min":254.487873397143,"max":352.5690042298672},"29":{"dtype":"number","min":312.68962540356966,"max":438.50007847271},"30":{"dtype":"number","min":323.62279226440666,"max":403.48769933391964},"31":{"dtype":"number","min":345.4801438240512,"max":543.3429924739963},"32":{"dtype":"number","min":259.2088798612182,"max":384.91296660365646},"33":{"dtype":"number","min":360.5106483147158,"max":496.09379521122685}},"outputs":{"0":{"dtype":"string","min":0,"max":1,"uniqueValues":["1","2","3","4"],"legend":{"1":[1,0,0,0],"2":[0,1,0,0],"3":[0,0,1,0],"4":[0,0,0,1]}}},"isNormalized":true}